{
  "bgm_volume": 0.10000000000000003,
  "sfx_volume": 0.20000000000000004
}